create database dbexam;
use dbexam;

INSERT INTO users (username, password, email, phone, address, avatar, role) VALUES
('user1', 'password1', 'user1@example.com', '1234567890', '123 Main St', 'https://upload.wikimedia.org/wikipedia/commons/thumb/5/59/User-avatar.svg/2048px-User-avatar.svg.png', 'USER'),
('user2', 'password2', 'user2@example.com', '1234567891', '124 Main St', 'https://upload.wikimedia.org/wikipedia/commons/thumb/5/59/User-avatar.svg/2048px-User-avatar.svg.png', 'USER'),
('user3', 'password3', 'user3@example.com', '1234567892', '125 Main St', 'https://upload.wikimedia.org/wikipedia/commons/thumb/5/59/User-avatar.svg/2048px-User-avatar.svg.png', 'USER'),
('user4', 'password4', 'user4@example.com', '1234567893', '126 Main St', 'https://upload.wikimedia.org/wikipedia/commons/thumb/5/59/User-avatar.svg/2048px-User-avatar.svg.png', 'USER'),
('user5', 'password5', 'user5@example.com', '1234567894', '127 Main St', 'https://upload.wikimedia.org/wikipedia/commons/thumb/5/59/User-avatar.svg/2048px-User-avatar.svg.png', 'USER'),
('user6', 'password6', 'user6@example.com', '1234567895', '128 Main St', 'https://upload.wikimedia.org/wikipedia/commons/thumb/5/59/User-avatar.svg/2048px-User-avatar.svg.png', 'USER'),
('user7', 'password7', 'user7@example.com', '1234567896', '129 Main St', 'https://upload.wikimedia.org/wikipedia/commons/thumb/5/59/User-avatar.svg/2048px-User-avatar.svg.png', 'USER'),
('user8', 'password8', 'user8@example.com', '1234567897', '130 Main St', 'https://upload.wikimedia.org/wikipedia/commons/thumb/5/59/User-avatar.svg/2048px-User-avatar.svg.png', 'USER'),
('user9', 'password9', 'user9@example.com', '1234567898', '131 Main St', 'https://upload.wikimedia.org/wikipedia/commons/thumb/5/59/User-avatar.svg/2048px-User-avatar.svg.png', 'USER'),
('admin', 'password10', 'admin@example.com', '1234567899', '132 Main St', 'https://upload.wikimedia.org/wikipedia/commons/thumb/5/59/User-avatar.svg/2048px-User-avatar.svg.png', 'ADMIN');

INSERT INTO products (name, description, price, category, stock, image_url) VALUES
('Infant Formula A', 'High quality infant formula for newborns.', 19.99, 'Infant Formula', 100, 'https://cdn.chiaki.vn/unsafe/0x960/left/top/smart/filters:quality(75)/https://chiaki.vn/upload/product/2024/05/sua-ensure-uc-850g-huong-vani-giau-dinh-duong-663b365f60328-08052024152255.jpg'),
('Baby Milk B', 'Organic baby milk for infants.', 24.99, 'Baby Milk', 150, 'https://cdn.chiaki.vn/unsafe/0x960/left/top/smart/filters:quality(75)/https://chiaki.vn/upload/product/2024/05/sua-ensure-uc-850g-huong-vani-giau-dinh-duong-663b365f60328-08052024152255.jpg'),
('Breast Milk Substitute C', 'Breast milk substitute for infants.', 29.99, 'Breast Milk Substitutes', 120, 'https://cdn.chiaki.vn/unsafe/0x960/left/top/smart/filters:quality(75)/https://chiaki.vn/upload/product/2024/05/sua-ensure-uc-850g-huong-vani-giau-dinh-duong-663b365f60328-08052024152255.jpg'),
('Specialty Baby Formula D', 'Specialty baby formula for sensitive tummies.', 34.99, 'Specialty Baby Formulas', 90, 'https://cdn.chiaki.vn/unsafe/0x960/left/top/smart/filters:quality(75)/https://chiaki.vn/upload/product/2024/05/sua-ensure-uc-850g-huong-vani-giau-dinh-duong-663b365f60328-08052024152255.jpg'),
('Maternal Milk E', 'Nutritional milk for pregnant and breastfeeding mothers.', 39.99, 'Maternal Milk', 80, 'https://cdn.chiaki.vn/unsafe/0x960/left/top/smart/filters:quality(75)/https://chiaki.vn/upload/product/2024/05/sua-ensure-uc-850g-huong-vani-giau-dinh-duong-663b365f60328-08052024152255.jpg'),
('Milk-Based Drink F', 'Tasty milk-based drink for growing kids.', 14.99, 'Milk-Based Drinks for Kids', 200, 'https://cdn.chiaki.vn/unsafe/0x960/left/top/smart/filters:quality(75)/https://chiaki.vn/upload/product/2024/05/sua-ensure-uc-850g-huong-vani-giau-dinh-duong-663b365f60328-08052024152255.jpg'),
('Nutritional Supplement G', 'Nutritional supplement for toddlers.', 19.99, 'Nutritional Supplements', 110, 'https://cdn.chiaki.vn/unsafe/0x960/left/top/smart/filters:quality(75)/https://chiaki.vn/upload/product/2024/05/sua-ensure-uc-850g-huong-vani-giau-dinh-duong-663b365f60328-08052024152255.jpg'),
('Dairy-Free Alternative H', 'Dairy-free alternative milk for lactose-intolerant babies.', 24.99, 'Dairy-Free Alternatives', 130, 'https://cdn.chiaki.vn/unsafe/0x960/left/top/smart/filters:quality(75)/https://chiaki.vn/upload/product/2024/05/sua-ensure-uc-850g-huong-vani-giau-dinh-duong-663b365f60328-08052024152255.jpg'),
('Infant Formula I', 'Infant formula with added vitamins and minerals.', 19.99, 'Infant Formula', 140, 'https://cdn.chiaki.vn/unsafe/0x960/left/top/smart/filters:quality(75)/https://chiaki.vn/upload/product/2024/05/sua-ensure-uc-850g-huong-vani-giau-dinh-duong-663b365f60328-08052024152255.jpg'),
('Baby Milk J', 'Enriched baby milk for strong bones.', 24.99, 'Baby Milk', 160, 'https://cdn.chiaki.vn/unsafe/0x960/left/top/smart/filters:quality(75)/https://chiaki.vn/upload/product/2024/05/sua-ensure-uc-850g-huong-vani-giau-dinh-duong-663b365f60328-08052024152255.jpg');

INSERT INTO carts (user_id, created_date, total) VALUES
(1, NOW(), 0.0),
(2, NOW(), 0.0),
(3, NOW(), 0.0),
(4, NOW(), 0.0),
(5, NOW(), 0.0),
(6, NOW(), 0.0),
(7, NOW(), 0.0),
(8, NOW(), 0.0),
(9, NOW(), 0.0),
(10, NOW(), 0.0);

INSERT INTO cart_items (cart_id, product_id, quantity, item_price) VALUES
(1, 1, 2, 19.99),
(1, 3, 1, 9.99),
(2, 2, 1, 24.99),
(2, 4, 3, 29.99),
(3, 5, 1, 39.99),
(3, 6, 2, 59.99),
(4, 7, 5, 14.99),
(4, 8, 2, 11.99),
(5, 9, 1, 149.99),
(5, 10, 1, 79.99),
(6, 1, 2, 19.99),
(6, 2, 1, 24.99),
(7, 3, 3, 9.99),
(7, 4, 2, 29.99),
(8, 5, 1, 39.99),
(8, 6, 2, 59.99),
(9, 7, 4, 14.99),
(9, 8, 1, 11.99),
(10, 9, 1, 149.99),
(10, 10, 2, 79.99);

INSERT INTO orders (user_id, order_date, status, total) VALUES
(1, NOW(), 'PAID', 49.97),
(2, NOW(), 'PAID', 114.96),
(3, NOW(), 'PAID', 159.97),
(4, NOW(), 'PAID', 104.93),
(5, NOW(), 'PAID', 229.98),
(6, NOW(), 'PAID', 44.98),
(7, NOW(), 'PAID', 119.96),
(8, NOW(), 'PAID', 159.97),
(9, NOW(), 'PAID', 89.93),
(10, NOW(), 'PAID', 229.98);

INSERT INTO order_items (order_id, product_id, quantity, item_price) VALUES
(1, 1, 2, 19.99),
(1, 3, 1, 9.99),
(2, 2, 1, 24.99),
(2, 4, 3, 29.99),
(3, 5, 1, 39.99),
(3, 6, 2, 59.99),
(4, 7, 5, 14.99),
(4, 8, 2, 11.99),
(5, 9, 1, 149.99),
(5, 10, 1, 79.99),
(6, 1, 2, 19.99),
(6, 2, 1, 24.99),
(7, 3, 3, 9.99),
(7, 4, 2, 29.99),
(8, 5, 1, 39.99),
(8, 6, 2, 59.99),
(9, 7, 4, 14.99),
(9, 8, 1, 11.99),
(10, 9, 1, 149.99),
(10, 10, 2, 79.99),
(1, 2, 3, 24.99),
(1, 4, 2, 29.99),
(2, 3, 1, 9.99),
(2, 5, 2, 39.99),
(3, 6, 3, 59.99),
(3, 7, 4, 14.99),
(4, 8, 1, 11.99),
(4, 9, 2, 149.99),
(5, 10, 3, 79.99),
(5, 1, 4, 19.99),
(6, 2, 1, 24.99),
(6, 3, 2, 9.99),
(7, 4, 3, 29.99),
(7, 5, 4, 39.99),
(8, 6, 1, 59.99),
(8, 7, 2, 14.99),
(9, 8, 3, 11.99),
(9, 9, 4, 149.99),
(10, 10, 1, 79.99),
(10, 1, 2, 19.99),
(1, 6, 1, 59.99),
(1, 7, 2, 14.99),
(2, 8, 3, 11.99),
(2, 9, 4, 149.99),
(3, 10, 1, 79.99),
(3, 1, 2, 19.99),
(4, 2, 3, 24.99),
(4, 3, 4, 9.99),
(5, 4, 1, 29.99),
(5, 5, 2, 39.99),
(6, 6, 3, 59.99),
(6, 7, 4, 14.99),
(7, 8, 1, 11.99),
(7, 9, 2, 149.99),
(8, 10, 3, 79.99),
(8, 1, 4, 19.99),
(9, 2, 1, 24.99),
(9, 3, 2, 9.99),
(10, 4, 3, 29.99),
(10, 5, 4, 39.99),
(1, 6, 1, 59.99),
(1, 7, 2, 14.99),
(2, 8, 3, 11.99),
(2, 9, 4, 149.99),
(3, 10, 1, 79.99),
(3, 1, 2, 19.99),
(4, 2, 3, 24.99),
(4, 3, 4, 9.99),
(5, 4, 1, 29.99),
(5, 5, 2, 39.99),
(6, 6, 3, 59.99),
(6, 7, 4, 14.99),
(7, 8, 1, 11.99),
(7, 9, 2, 149.99),
(8, 10, 3, 79.99),
(8, 1, 4, 19.99),
(9, 2, 1, 24.99),
(9, 3, 2, 9.99),
(10, 4, 3, 29.99),
(10, 5, 4, 39.99),
(1, 6, 1, 59.99),
(1, 7, 2, 14.99),
(2, 8, 3, 11.99),
(2, 9, 4, 149.99),
(3, 10, 1, 79.99),
(3, 1, 2, 19.99),
(4, 2, 3, 24.99),
(4, 3, 4, 9.99),
(5, 4, 1, 29.99),
(5, 5, 2, 39.99),
(6, 6, 3, 59.99),
(6, 7, 4, 14.99),
(7, 8, 1, 11.99),
(7, 9, 2, 149.99),
(8, 10, 3, 79.99),
(8, 1, 4, 19.99),
(9, 2, 1, 24.99),
(9, 3, 2, 9.99),
(10, 4, 3, 29.99),
(10, 5, 4, 39.99);
